{
    "CHAT_CONTROL": false,
    "API_KEY": "YOUR_API_KEY_HERE",
    "CHANNEL_ID": "YOUR_CHANNEL_ID_HERE",
    "LIVESTREAM_ID": "YOUR_LIVESTREAM_ID_HERE",
    "YT_POLL_INTERVAL_SECONDS": 15,
    "TNT_SPAWN_INTERVAL_SECONDS_MIN": 5,
    "TNT_SPAWN_INTERVAL_SECONDS_MAX": 30,
    "TNT_AMOUNT_ON_SUPERCHAT": 10,
    "FAST_SLOW_INTERVAL_SECONDS_MIN": 5,
    "FAST_SLOW_INTERVAL_SECONDS_MAX": 30,
    "FAST_SLOW_DURATION_SECONDS": 5,
    "RANDOM_PICKAXE_INTERVAL_SECONDS_MIN": 5,
    "RANDOM_PICKAXE_INTERVAL_SECONDS_MAX": 30,
    "PICKAXE_ENLARGE_INTERVAL_SECONDS_MIN": 5,
    "PICKAXE_ENLARGE_INTERVAL_SECONDS_MAX": 30,
    "PICKAXE_ENLARGE_DURATION_SECONDS": 5,
    "SAVE_PROGRESS_INTERVAL_SECONDS": 30,
    "QUEUES_POP_INTERVAL_SECONDS": 5
}
